{"cameraMode":{"drawMode":0,"name":"Shaded","section":"Shading Mode"},"sceneLighting":false,"audioPlay":false,"sceneViewState":{"m_AlwaysRefresh":false,"showFog":true,"showSkybox":false,"showFlares":true,"showImageEffects":true,"showParticleSystems":true,"showVisualEffectGraphs":true,"m_FxEnabled":true},"in2DMode":false,"pivot":{"x":-0.06869347393512726,"y":-0.40421509742736819,"z":0.008342981338500977},"rotation":{"x":-0.22923898696899415,"y":0.010801487602293492,"z":-0.002544115763157606,"w":-0.9733098745346069},"size":1.7083752155303956,"orthographic":false}