{"cameraMode":{"drawMode":0,"name":"Shaded","section":"Shading Mode"},"sceneLighting":true,"audioPlay":false,"sceneViewState":{"m_AlwaysRefresh":false,"showFog":true,"showSkybox":true,"showFlares":true,"showImageEffects":true,"showParticleSystems":true,"showVisualEffectGraphs":true,"m_FxEnabled":true},"in2DMode":false,"pivot":{"x":443.36468505859377,"y":-44.672515869140628,"z":886.533935546875},"rotation":{"x":-0.34765148162841799,"y":0.30128225684165957,"z":-0.11857300996780396,"w":-0.8802961111068726},"size":135.17984008789063,"orthographic":true}